Наименование,Област,Община,Населено място,Адрес,Управител,Телефон,lat,lng,provider,display_name
ДИАЛИЗЕН ЦЕНТЪР ЕЛ МАСРИ ООД,Бургас,БУРГАС,ГР.БУРГАС,ж.к. Лазур бл. 158,Д-Р РУМЯНА МАРИНОВА БАХЧЕВАНОВА,"056/812985,0887/903787",42.5095302,27.4695075,nominatim_free,"бл. 158, ж.к. Лазур, Бургас, 8001, България"
ДКЦ-2-Добрич ЕООД,Добрич,КАВАРНА,ГР.КАВАРНА,ул. Васил Левски №36,"Д-Р ВАЛЕРИ ВЕСЕЛИНОВ ТОДОРОВ, СИЛВИЯ ГЕОРГИЕВА ДЕМИРЕВА-ТРИФОНОВА","602-257,600-854",43.4250279,28.339391,overpass,МБАЛ Каварна
ДКЦ-2-Добрич ЕООД,Добрич,БАЛЧИК,ГР.БАЛЧИК,ул. Д-р Златко Петков №1,"Д-Р ВАЛЕРИ ВЕСЕЛИНОВ ТОДОРОВ, СИЛВИЯ ГЕОРГИЕВА ДЕМИРЕВА-ТРИФОНОВА","602-257,600-854",43.401131,28.226135,overpass,"СБЗ ""Тузлата"""
ДКЦ-2-Добрич ЕООД,Добрич,БАЛЧИК,С.ОБРОЧИЩЕ К.К.АЛБЕНА,к.к. Албена МЦ Медика-Албена,"Д-Р ВАЛЕРИ ВЕСЕЛИНОВ ТОДОРОВ, СИЛВИЯ ГЕОРГИЕВА ДЕМИРЕВА-ТРИФОНОВА","602-257,600-854",,,,
ДКЦ-2-Добрич ЕООД,Добрич,ДОБРИЧ-ГРАД,ГР.ДОБРИЧ,бул. 25-ти септември 68,"Д-Р ВАЛЕРИ ВЕСЕЛИНОВ ТОДОРОВ, СИЛВИЯ ГЕОРГИЕВА ДЕМИРЕВА-ТРИФОНОВА, АНЕЛИЯ ГЕОРГИЕВА КОЛАРОВА-КИСЬОВА","602-257,600-854",43.5776089,27.8287398,nominatim_free,"2 ДКЦ, 68, бул. 25-ти Септември, ж.к. Север 1, Добрич, 9300, България"
ДКЦ-I-Добрич ЕООД,Добрич,ДОБРИЧ-ГРАД,ГР.ДОБРИЧ,ул. Димитър Петков №3,"Д-Р БИСЕРКА АТАНАСОВА ПАЧОЛОВА-ЦЕНОВА, ВЕЛИНА ГЕОРГИЕВА КОМАРЕВА-ИВАНОВА, МАРИЯН ИВАНОВ АНАНИЕВ, ДИАНА ПЕТРОВА АРАБАДЖИЕВА-ДИМИТРОВА","601-474,0878711458,601-610,602-776",43.5619302,27.8175432,overpass,hospital
Диализен Център Диалхелп ЕООД,Добрич,ДОБРИЧ-ГРАД,ГР.ДОБРИЧ,25-ти Септември 68,Д-Р ЕЛКА МИЛАНОВА ТОДОРОВА-КОЗАРОВА,058/600-117,43.5619302,27.8175432,overpass,hospital
Диализен център Руриком ООД,Русе,РУСЕ,ГР.РУСЕ,ул. Славянска 2А ет.2,ИЛКО ЙОРДАНОВ МАРИНОВ,"0898484505,0878984505",43.8480413,25.9542057,nominatim_city,"Русе, България"
КОМПЛЕКСЕН ОНКОЛОГИЧЕН ЦЕНТЪР БУРГАС ЕООД,Бургас,БУРГАС,ГР.БУРГАС,бул. Демокрация №86,"ПРОФ. Д-Р ХРИСТО СТОЯНОВ БОЗОВ, РАДОСТИН ЗАХАРИЕВ ДИЧЕВ, ХРИСТО ДЕЧЕВ ДЕЧЕВ","056/86-64-02,0879/396613,0893/336753",42.5151863,27.4654395,overpass,Педиатър - Златинка Радева
КОМПЛЕКСЕН ОНКОЛОГИЧЕН ЦЕНТЪР БУРГАС ЕООД,Бургас,БУРГАС,ГР.БУРГАС,ул. Стефан Стамболов №73,"ПРОФ. Д-Р ХРИСТО СТОЯНОВ БОЗОВ, РАДОСТИН ЗАХАРИЕВ ДИЧЕВ, ХРИСТО ДЕЧЕВ ДЕЧЕВ","056/86-64-02,0879/396613,0893/336753",42.5151863,27.4654395,overpass,Педиатър - Златинка Радева
КОМПЛЕКСЕН ОНКОЛОГИЧЕН ЦЕНТЪР БУРГАС ЕООД,Бургас,БУРГАС,ГР.БУРГАС,ул. Доц.д-р Константин Кънчев,"ПРОФ. Д-Р ХРИСТО СТОЯНОВ БОЗОВ, РАДОСТИН ЗАХАРИЕВ ДИЧЕВ, ХРИСТО ДЕЧЕВ ДЕЧЕВ","056/86-64-02,0879/396613,0893/336753",42.4936616,27.4721276,nominatim_city,"Бургас, България"
МБАЛ Проф. д-р Александър Герчев Етрополе ЕООД,София - област,ЕТРОПОЛЕ,ГР.ЕТРОПОЛЕ,ул. Бригадирска №1,"Д-Р ГАЛЯ ИЛИЕВА ВАСИЛЕВА, Д-Р ГЕОРГИ КРЪСТЕВ КАНЗОВ, Д-Р СНЕЖАНКА ВАСИЛЕВА ДОСЕВА-ТОДОРОВА, Д-Р ЦЕНО ПАВЛОВ ГЛОГОВ","0879605651,072063685",42.8392417,23.9997538,overpass,МБАЛ „Проф.д-р Ал.Герчев” Етрополе
МБАЛ - Ботевград ЕООД,София - област,БОТЕВГРАД,ГР.БОТЕВГРАД,ул. Божко Божилов №1,"Д-Р ДИЛЯН ДОБРЕВ ТОМОВСКИ, МАРГАРИТА ТОДОРОВА СТОЕВА, Д-Р ФИЛИП ПЕТРОВ ФИЛЕВ, Д-Р КРАСИМИР ПАВЛОВ КУШЕВ, ПЛАМЕН КИРИЛОВ КИТАНОВ, ИВАН ДИМИТРОВ БАГЕЛЕЙСКИ, ОРЛИН ВЕСЕЛИНОВ ЦВЕТКОВ","072369400,072369401",42.9079535,23.8012576,overpass,МБАЛ
МБАЛ - Пирдоп АД,София - област,ПИРДОП,ГР.ПИРДОП,ул. Георги Бенковски №24,"Д-Р ЮЛИЯ ДИМИТРОВА ИЛИЕВА, СОФИ ВЛАДИМИРОВ ДИНЧЕВ, СВЕТОСЛАВ ГЕОРГИЕВ ЧЕРВЕНКОВ, Д-Р ИВАН ВАСИЛЕВ ДИНЕВ, ЛЮБОМИР КОНСТАНТИНОВ ВАСЕВ, ИРИНА РАШКОВА ПАВЛОВА, Г-ЖА ТАТЯНА СПАСОВА КОНЯРСКА, Д-Р ДЕСИСЛАВА ДИМИТРОВА ТОЛИНОВА, ДАНИЕЛА ПЕТРОВА МИРКОВСКА, Д-Р МАРГАРИТА ИВАНОВА ГЕТОВА","0878632701,0886610805,0878632715,07181/5631,0878632731,0878632768",42.7006838,24.1803328,nominatim_city,"Пирдоп, Софийска, 2070, България"
МБАЛ - Самоков ЕООД,София - област,САМОКОВ,ГР.САМОКОВ,ул. Македония №49,"Д-Р КРАСИМИРА АРАНГЕЛОВА КОВАЧКА, Д-Р СВЕТЛА КИРИЛОВА СКЕЛИНА","072266413,072289266",42.3157583,23.539284,overpass,clinic
МБАЛ - Скин Системс ООД,София - област,ПИРДОП,ГР.ПИРДОП,ул. Георги Бенковски 24,"Д-Р СПАРТАК СТОЯНОВ МИЛЕВ, Д-Р КАТРИН КОСТАДИНОВА КРАХТОВА-НАСТЕВА","0888707040,0895125771",42.7006838,24.1803328,nominatim_city,"Пирдоп, Софийска, 2070, България"
МБАЛ - Скин Системс ООД,София - област,ЕЛИН ПЕЛИН,С.ДОГАНОВО,ул. Първа №32,"Д-Р СПАРТАК СТОЯНОВ МИЛЕВ, Д-Р КАТРИН КОСТАДИНОВА КРАХТОВА-НАСТЕВА","0888707040,0895125771",,,,
МБАЛ - Скин Системс ООД,София - област,ЕЛИН ПЕЛИН,ГР.ЕЛИН ПЕЛИН,ул. Здравец №15,"Д-Р СПАРТАК СТОЯНОВ МИЛЕВ, Д-Р КАТРИН КОСТАДИНOVA КРАХТОВА-НАСТЕВА","0888707040,0895125771",42.66407,23.6006812,nominatim_free,"МБАЛ Елин Пелин, 15, улица Здравец, Елин Пелин, Софийска, 2100, България"
МБАЛ Авис Медика ООД,Плевен,ПЛЕВЕН,ГР.ПЛЕВЕН,ул. Коста Хаджипакев №7,"АЛЕКСАНДЪР ВЛАДИМИРОВ АНДРЕЕВ, ИРЕН ВЛАДИМИРОВА БАРКЛИ ПАЗ, ВЛАДИМИР ВАСИЛЕВ АНДРЕЕВ","064/909093,0889/231056,064909097,064909092",43.4006568,24.6088739,overpass,Психолог Даниела Кръстева
МБАЛ Авис Медика ООД,Плевен,ПЛЕВЕН,ГР.ПЛЕВЕН,парк Кайлъка местност Стражата,"АЛЕКСАНДЪР ВЛАДИМИРОВ АНДРЕЕВ, ИРЕН ВЛАДИМИРОВА БАРКЛИ ПАЗ, ВЛАДИМИР ВАСИЛЕВ АНДРЕЕВ","064/909093,0889/231056,064909097,064909092",43.4006568,24.6088739,overpass,Психолог Даниела Кръстева
МБАЛ Авис Медика ООД,Плевен,ПЛЕВЕН,С.ТУЧЕНИЦА,ул. Георги Бенковски №19,"АЛЕКСАНДЪР ВЛАДИМИРОВ АНДРЕЕВ, ИРЕН ВЛАДИМИРОВА БАРКЛИ ПАЗ, ВЛАДИМИР ВАСИЛЕВ АНДРЕЕВ","064/909093,0889/231056,064909097,064909092",43.3556083,24.605209,nominatim_city,"Тученица, Брестовец, Плевен, 5800, България"
МБАЛ-Д-р Георги Стоев-Шварц-Троян-ЕООД,Ловеч,ТРОЯН,ГР.ТРОЯН,ул. Радецки №30,"ПЕНКО СТАЙКОВ БАМБОВ, ТЕОДОРА ПЕТРОВА ВЪЛКОВСКА-КЮРЕКЧИЕВА","0670/62019,067062019,0888695372",42.8975708,24.7114091,overpass,Специализирана болница за активно лечение на белодробни болести - Троян
МБАЛ-Елин Пелин ЕООД,София - област,ЕЛИН ПЕЛИН,ГР.ЕЛИН ПЕЛИН,ул. Здравец №15,"Д-Р МАЯ МЕТОДИЕВА МИКОВА-ЛУКАНОВА, МАРИЯНА АТАНАСОВА МАНОЛОВА","072560152,0887334797",42.66407,23.6006812,nominatim_free,"МБАЛ Елин Пелин, 15, улица Здравец, Елин Пелин, Софийска, 2100, България"
МБАЛ-Ихтиман-Д-р Станю Янков ЕООД,София - област,ИХТИМАН,ГР.ИХТИМАН,ул. Шипка №30,"Д-Р ИВКА ИВАНОВА ГЕОРГИЕВА, Д-Р ПЕТЬО ДИМИТРОВ ГЕРГАНОВ, Д-Р ИВАН ЖЕКОВ ИВАНОВ",072482164,42.4336109,23.8249565,overpass,МБАЛ Ихтиман
МБАЛ-Каварна ЕООД,Добрич,КАВАРНА,ГР.КАВАРНА,ул. Васил Левски 36,"ЦВЕТАНКА ИЛИЕВА ДИМИТРОВА, ГЕОРГИ ИВАНОВ ДОНЕВ, ЖИВКО ИВАНОВ ЖЕКОВ, ДЕСИСЛАВ ПЕТРОВ ТАСКОВ, ХАМЗА ВЕЛИЕВ АЛИЕВ, Д-Р ХРИСТИЯН ПЕТРОВ ЗАФИРОВ","0570/83161,0887/991099",43.4250279,28.339391,overpass,МБАЛ Каварна
МБАЛ-ОМУРТАГ ЕАД,Търговище,ОМУРТАГ,ГР.ОМУРТАГ,ул. Търновска №55,"ХРИСТО ЛЮБОМИРОВ ЖЕЛЕВ, ПАВЛИНА СТОЯНОВА ПАВЛОВА, МЕХМЕД ХАСАНОВ АХМЕДОВ, БОЯН СЕРГЕЕВ ФИЛЕВ, СТИЛИЯН ЛЮБЕНОВ ГРИГОРОВ, ЗЮЛБИЕ ИСМАИЛОВА МУСТАФОВА, Д-Р ЙОШЕНКА НЕНЧЕВА ЖЕЛЯЗКОВА-РУСЕВА","0605/2480,0605/4176,0605/64176,0605/62480,0605/62780,0605/64146",43.1002064,26.4162047,overpass,МБАЛ Омуртаг
МБАЛ-ПОПОВО ЕООД,Търговище,ТЪРГОВИЩЕ,ГР.ТЪРГОВИЩЕ,ул. Пирин №16,"ЙОВЧО ЯНКОВ ЯКОВ, ИВАН ПЕТКОВ ДИМИТРОВ, ИВАН НИКОЛОВ ГУЩАНОВ, ЯНКА АНДРЕЕВА ИВАНОВА, РУМЕН СТОЙЧЕВ РУСЕВ","0608/42401,0608/43912,0608/43574",43.2423723,26.5621432,overpass,Многопрофилна болница за активно лечение Търговище АД
МБАЛ-ПОПОВО ЕООД,Търговище,ПОПОВО,ГР.ПОПОВО,кв. Запад,"ЙОВЧО ЯНКОВ ЯКОВ, ИВАН ПЕТКОВ ДИМИТРОВ, ИВАН НИКОЛОВ ГУЩАНОВ, ЯНКА АНДРЕЕВА ИВАНОВА, РУМЕН СТОЙЧЕВ РУСЕВ","0608/42401,0608/43912,0608/43574",43.3415966,26.216586,overpass,МБАЛ Попово
МБАЛ-Проф. Д-р Параскев Стоянов-АД Ловеч,Ловеч,ЛОВЕЧ,ГР.ЛОВЕЧ,ул. Съйко Съев №27,"ВИКТОР ЕМИЛОВ ТАСЛАКОВ, ТИХОМИР ИВАНОВ БЕНЕВ, ТАТЯНА ГАНЧЕВА БОРИСОВА, Д-Р АНКА ГЕОРГИЕВА АНГЕЛОВА, РУМЯНА ПЕТРОВА НАНОВСКА, АЛДИН ДОЧЕВ НАЧКОВ, ЯНКО ВАСИЛЕВ КОЧЕВ","068/667444,068/603370,068/603371,0895728203,0878792666",43.1326475,24.7063141,overpass,Многопрофилна болница за активно лечение Проф. Д-р. Параскев Стоянов - Ловеч
МБАЛ-Своге ЕООД,София - област,СВОГЕ,ГР.СВОГЕ,ул. Староселска №4,"Д-Р ЛЮБИЦА ИВАНОВА ТОМЧЕВА, ПЛАМЕН КИРИЛОВ КИТАНОВ, ПЕТЯ ИВАНОВА ТОМОВА","0878199647,072622577,0886839753,0726/2577,0726/2174",42.9614402,23.345082,overpass,"Здравен център ""ОЛИМП"""
МБАЛ-ТЪРГОВИЩЕ АД,Търговище,ТЪРГОВИЩЕ,ГР.ТЪРГОВИЩЕ,кв. Запад,ИВАН ВАСИЛЕВ СВЕТУЛКОВ,"0601/68888,0601/64864",43.2423723,26.5621432,overpass,Многопрофилна болница за активно лечение Търговище АД
МЕДИКО - ДЕНТАЛЕН ЦЕНТЪР ТРИО ЕООД,Враца,ВРАЦА,ГР.ВРАЦА,ул. Генерал Леонов №95 ет.3,ВАЛЕНТИН МАРИНОВ НАЙДЕНОВ,0882934002,43.1936769,23.5700431,overpass,Първа частна МБАЛ - Враца
МЕДИЦИНСКИ ЦЕНТЪР ЗА СПЕЦИАЛИЗИРАНА МЕДИЦИНСКА ПОМОЩ - ВИЗУС ООД,Велико Търново,ГОРНА ОРЯХОВИЦА,ГР.ГОРНА ОРЯХОВИЦА,ул. Хан Крум №5,"СОФИЯ ЦЕЦКОВА ЦВЕТАНОВА-ДИМИТРОВА, ПЕТЯ ИВАНОВА ЦВЕТАНОВА, ПЕТЯ ЦВЕТАНОВА",061864053,43.1163975,25.6987786,overpass,МБАЛ Св. Иван Рилски
МЕДИЦИНСКИ ЦЕНТЪР ЗА СПЕЦИАЛИЗИРАНА МЕДИЦИНСКА ПОМОЩ - ВИЗУС ООД,Велико Търново,ГОРНА ОРЯХОВИЦА,ГР.ГОРНА ОРЯХОВИЦА,ул. Отец Пайсий №72,"СОФИЯ ЦЕЦКОВА ЦВЕТАНОВА-ДИМИТРОВА, ПЕТЯ ИВАНОВА ЦВЕТАНОВА, ПЕТЯ ЦВЕТАНОВА",061864053,43.1163975,25.6987786,overpass,МБАЛ Св. Иван Рилски
МЕДИЦИНСКИ ЦЕНТЪР ЗА СПЕЦИАЛИЗИРАНА ПОМОЩ Д-Р ИВАНОВИ - МЛАДОСТ ООД,Бургас,БУРГАС,ГР.БУРГАС,ул. Александровска №87,Д-Р МЕТОДИ ПЕТКОВ ИВАНОВ,"0896/660772,056/859850,0896777170",42.5151863,27.4654395,overpass,Педиатър - Златинка Радева
МЕДИЦИНСКИ ЦЕНТЪР ЗА СПЕЦИАЛИЗИРАНА ПОМОЩ Д-Р ИВАНОВИ - МЛАДОСТ ООД,Бургас,БУРГАС,ГР.БУРГАС,ж.к. Славейков ул. Георги Минков №174,Д-Р МЕТОДИ ПЕТКОВ ИВАНОВ,"0896/660772,056/859850,0896777170",42.5151863,27.4654395,overpass,Педиатър - Златинка Радева
МЕДИЦИНСКИ ЦЕНТЪР ЗА СПЕЦИАЛИЗИРАНА ПОМОЩ Д-Р ИВАНОВИ - МЛАДОСТ ООД,Бургас,БУРГАС,ГР.БУРГАС,ул. Александровска №78,Д-Р МЕТОДИ ПЕТКОВ ИВАНОВ,"0896/660772,056/859850,0896777170",42.5151863,27.4654395,overpass,Педиатър - Златинка Радева
МЕДИЦИНСКИ ЦЕНТЪР ЗА СПЕЦИАЛИЗИРАНА ПОМОЩ Д-Р ИВАНОВИ - МЛАДОСТ ООД,Бургас,БУРГАС,ГР.БУРГАС,ул. Транспортна №33,Д-Р МЕТОДИ ПЕТКОВ ИВАНОВ,"0896/660772,056/859850,0896777170",42.5151863,27.4654395,overpass,Педиатър - Златинка Радева
МЕДИЦИНСКИ ЦЕНТЪР ЗА СПЕЦИАЛИЗИРАНА ПОМОЩ Д-Р ИВАНОВИ - МЛАДОСТ ООД,Бургас,НЕСЕБЪР,ГР.НЕСЕБЪР,ул. Иван Вазов №11,Д-Р МЕТОДИ ПЕТКОВ ИВАНОВ,"0896/660772,056/859850,0896777170",42.6532823,27.6927367,overpass,Специализирана болница за рехабилитация Мари
МЕДИЦИНСКИ ЦЕНТЪР УРОЛОДЖИЯ ЕООД,Хасково,ХАСКОВО,ГР.ХАСКОВО,ул. Средна Гора 1,ИВАН НИКОЛАЕВ НИКОЛОВ,0888360636,41.9303522,25.5589489,overpass,Даймонд Клиник
МНОГОПРОФИЛНА БОЛНИЦА ЗА АКТИВНО ЛЕЧЕНИЕ - ХАРМАНЛИ ЕООД,Хасково,ХАРМАНЛИ,ГР.ХАРМАНЛИ,ул. Васил Левски №66,"Д-Р ЗЛАТКА ГЕОРГИЕВА ЧАНКОВА, ДИНЧО ГЕНЕВ ГЕНЕВ, ВОЛОДИ ХРИСТОВ ХРИСТОВ",0373/82189,41.9230748,25.9004005,overpass,МБАЛ-Харманли
МНОГОПРОФИЛНА БОЛНИЦА ЗА АКТИВНО ЛЕЧЕНИЕ СВЕТА ЕКАТЕРИНА - ДИМИТРОВГРАД ЕООД,Хасково,ДИМИТРОВГРАД,ГР.ДИМИТРОВГРАД,ул. Христо Ботев №29,"АЛДИН ХИТОВ КАРАГЬОЗОВ, МАТЕЙ АСЕНОВ МАТЕЕВ, ЗДРАВКО АНГЕЛОВ НАКОВ","0391/63436,0391/63699,0391/64024",42.0625321,25.5806447,overpass,hospital
МНОГОПРОФИЛНА БОЛНИЦА ЗА АКТИВНО ЛЕЧЕНИЕ СЪРЦЕ И МОЗЪК ЕАД,Бургас,БУРГАС,ГР.БУРГАС,бул. Стефан Стамболов №73 приземен етаж ет.1 и част от ет.2 от Терапевтичен корпус /блок 3/,"ХАРЛИН СТОЯНОВ ТУМБЕВ, ЖИВКО СТОЙКОВ КОЛЕВ",02/9625454,42.5151863,27.4654395,overpass,Педиатър - Златинка Радева
МНОГОПРОФИЛНА БОЛНИЦА ЗА АКТИВНО ЛЕЧЕНИЕ СЪРЦЕ И МОЗЪК ЕАД,Бургас,БУРГАС,ГР.БУРГАС,УПИ VII-842 кв.68 по плана на ПЗ Север,"ХАРЛИН СТОЯНОВ ТУМБЕВ, ЖИВКО СТОЙКОВ КОЛЕВ",02/9625454,42.5151863,27.4654395,overpass,Педиатър - Златинка Радева
МНОГОПРОФИЛНА БОЛНИЦА ЗА АКТИВНО ЛЕЧЕНИЕ СЪРЦЕ И МОЗЪК ЕАД,Бургас,БУРГАС,ГР.БУРГАС,ул. Здраве №29,"ХАРЛИН СТОЯНОВ ТУМБЕВ, ЖИВКО СТОЙКОВ КОЛЕВ",02/9625454,42.5151863,27.4654395,overpass,Педиатър - Златинка Радева
МНОГОПРОФИЛНА БОЛНИЦА ЗА АКТИВНО ЛЕЧЕНИЕ ХИГИЯ ООД,Хасково,ХАСКОВО,ГР.ХАСКОВО,ул. Стефан Стамболов №2,"ЯСЕН ГЕОРГИЕВ ЯНЕВ, АТАНАС ПАУНОВ ПАУНОВ, ПЛАМЕН ХРИСТОВ ЙОВЧЕВ","038606231,622535",41.9303522,25.5589489,overpass,Даймонд Клиник
МНОГОПРОФИЛНА БОЛНИЦА ЗА АКТИВНО ЛЕЧЕНИЕ - ГР. СРЕДЕЦ,Бургас,СРЕДЕЦ,ГР.СРЕДЕЦ,ул. Тодор Николов №10,"ВЪЛЬО НИКОЛОВ КОМНЕВ, ЧАВДАР ХРИСТОВ КАРАБАДЖАКОВ, Д-Р ВЪЛЬО НИКОЛОВ КОМНЕВ, ИВАЙЛО ЦАНЕВ ЦАНЕВ, ГЕОРГИ ХРИСТОВ ГЕОРГИЕВ, СТЕЛИЯН ПРОДАНОВ СЛАВОВ, ДАНИЕЛА ПРОДАНОВА БOЗДУКОВА, Д-Р РОСИЦА ВЕЛИКОВА ДИЧЕВА","05551/3560,0887/640699",42.3409434,27.1817555,overpass,hospital
МНОГОПРОФИЛНА БОЛНИЦА ЗА АКТИВНО ЛЕЧЕНИЕ - ЛАЙФ ХОСПИТАЛ ЕООД,Бургас,БУРГАС,ГР.БУРГАС,ж.к. Изгрев бул. Димитър Димов /Панорамен път/,"Д-Р МАРИЯ СТАВРЕВА ДИМИТРОВА, Д-Р СПАСИМИР СТЕФАНОВ ИВАНОВ","056/875041,08886/833493",42.5151863,27.4654395,overpass,Педиатър - Златинка Радева
МНОГОПРОФИЛНА БОЛНИЦА ЗА АКТИВНО ЛЕЧЕНИЕ - ЛАЙФ ХОСПИТАЛ ЕООД,Бургас,НЕСЕБЪР,ГР.СВЕТИ ВЛАС,ул. Ивайло №11А,"Д-Р МАРИЯ СТАВРЕВА ДИМИТРОВА, Д-Р СПАСИМИР СТЕФАНОВ ИВАНОВ","056/875041,08886/833493",42.7157294,27.7597403,overpass,Лайф хоспитал
МНОГОПРОФИЛНА БОЛНИЦА ЗА АКТИВНО ЛЕЧЕНИЕ - СВИЛЕНГРАД ЕООД,Хасково,СВИЛЕНГРАД,ГР.СВИЛЕНГРАД,ул. Сан Стефано 1,"Д-Р ДИМИТЪР АНГЕЛОВ ЕРМОВ, РАДОСТ МИТЕВА СКЕРЛЕВА","037974071,037971534",41.7655281,26.2042169,overpass,ДКЦ
МНОГОПРОФИЛНА БОЛНИЦА ЗА АКТИВНО ЛЕЧЕНИЕ - ХАСКОВО АД,Хасково,ХАСКОВО,ГР.ХАСКОВО,бул. Съединение №49,"ГЕОРГИ НИКОЛОВ ГЕЛОВ, ДИМИТЪР ГЕОРГИЕВ ШОПОВ, ТОДОР ДИМИТРОВ ПАНДОВ, СЛАВЧО СОТИРОВ БЛИЗНАКОВ","038/606722,038/606999",41.9338216,25.5663365,nominatim_free,"49, бул. Съединение, Източна индустриална зона, ж.к. Изгрев, Хасково, 6300, България"
МНОГОПРОФИЛНА БОЛНИЦА ЗА АКТИВНО ЛЕЧЕНИЕ Д-Р МАДЖУРОВ ООД,Бургас,БУРГАС,ГР.БУРГАС,ж.к. Зорница срещу бл.15,"Д-Р АЛЕКСАНДЪР ГЕОРГИЕВ МАДЖУРОВ, Д-Р ГЕОРГИ АЛЕКСИЕВ МАДЖУРОВ","056/877940,0888305819,056/877950,0897/841214,056/865730",42.5151863,27.4654395,overpass,Педиатър - Златинка Радева
МНОГОПРОФИЛНА БОЛНИЦА ЗА АКТИВНО ЛЕЧЕНИЕ КАРНОБАТ ЕООД,Бургас,КАРНОБАТ,ГР.КАРНОБАТ,ул. Стара планина №180,"Д-Р НИКОЛАЙ МИХАЙЛОВ КОЛИБАРОВ, КРАСИМИР ИВАНОВ МАРИНОВ, ХРИСТО ХРИСТОВ ИВАНОВ","0559/27054,0893/041718",42.6499379,26.9960266,overpass,МБАЛ Карнобат
МНОГОПРОФИЛНА БОЛНИЦА ЗА АКТИВНО ЛЕЧЕНИЕ-АЙТОС ЕООД,Бургас,АЙТОС,ГР.АЙТОС,ул. Шейново №4,"ГЮЛНАР ВЕЛИ ХАБИЛ, ПАРУШ ДИМИТРОВ ПАРУШЕВ, ЗЛАТИНА КИРОВА ИВАНОВА",0898/357354,42.696786,27.2487125,overpass,ЦСМП Айтос
МНОГОПРОФИЛНА БОЛНИЦА ЗА АКТИВНО ЛЕЧЕНИЕ-БУРГАСМЕД ЕООД,Бургас,БУРГАС,ГР.БУРГАС,ж.к. Меден Рудник зона А,"Д-Р СТОИЛ ГЕОРГИЕВ АПОСТОЛОВ, Д-Р ПЕНКО МИНЧЕВ ПЕНКОВ, БОЙКО ГЕОРГИЕВ МИРАЗЧИЙСКИ, ТОДОР ВАСИЛЕВ УШЕВ, ЗАПРИН ТОДОРОВ ПЕПЕЛОВ, ДИНЧО ГЕНЕВ ГЕНЕВ","056/999980,056/707602",42.5151863,27.4654395,overpass,Педиатър - Златинка Радева
МНОГОПРОФИЛНА БОЛНИЦА ЗА АКТИВНО ЛЕЧЕНИЕ-ПОМОРИЕ ЕООД,Бургас,ПОМОРИЕ,ГР.ПОМОРИЕ,ул. Проф.Парашкев Стоянов №1,"ЦВЕТОМИР ЦВЕТКОВ, ЦВЕТОМИР КИРКОВ ЦВЕТКОВ, АЛЕКСАНДЪР ГРИГОРОВ КРЪСТАНОВ, РАДОСТИН АТАНАСОВ ИВАНОВ, ЖЕНЯ НЕДЕЛЧЕВА КАРАИЛИЕВА-ГЕОРГИЕВА, Д-Р КИРИЛ АСЕНОВ ХИНОВ, ИЛКО ТОДОРОВ ИЛЧЕВ","0882420145,0596/22730,0877/276225,0887/215743",42.5589876,27.6369921,overpass,св.Георги
Многопрофилна болница за активно лечение - Балчик ЕООД,Добрич,БАЛЧИК,ГР.БАЛЧИК,ул. Д-р Зл. Петков №1,"Д-Р ПЛАМЕН ПЕТРОВ ДИМИТРОВ, ПАРСЕК САРКИС САЛБАШЯН, КРАСИМИР НИКОЛОВ КРЪЧМАРОВ, ИВО ХРИСТОВ ВОЙЧЕВ","0579/72238,0579/72018",43.401131,28.226135,overpass,"СБЗ ""Тузлата"""
Многопрофилна болница за активно лечение Кардиолайф ООД,Ловеч,ЛОВЕЧ,ГР.ЛОВЕЧ,бул. Мизия 5,"ТИХОМИР ИВАНОВ БЕНЕВ, ИЛИЯНА МАРИНОВА КОСТОВА, Д-Р ГАЛИНА ВИДОЛОВА БАЛАБАНОВА","068/602844,0897001041",43.1570943,24.7162691,nominatim_free,"5, бул. Мизия, ж.к. Здравец, Ловеч, 5500, България"
НЕФРОЦЕНТЪР БУРГАС ООД,Бургас,БУРГАС,ГР.БУРГАС,Северна промишлена зона бул. Янко Комитов №7,Д-Р ПЕТЯ КИРОВА КУПЕНОВА-ТОНЕВА,"0889/846911,0886/036476",42.5151863,27.4654395,overpass,Педиатър - Златинка Радева
ОЧЕН МЕДИЦИНСКИ ЦЕНТЪР ХАСКОВО ООД,Хасково,ХАСКОВО,ГР.ХАСКОВО,ул. Георги Кирков №24,ПРОФ. Д-Р ДИМИТЪР НИКОЛОВ ДЖЕЛЕБОВ,042601460,41.9303522,25.5589489,overpass,Даймонд Клиник
ОЧЕН МЕДИЦИНСКИ ЦЕНТЪР ХАСКОВО ООД,Хасково,ХАСКОВО,ГР.ХАСКОВО,ул. Хаджи Димитър №2 партер кабинет №1,ПРОФ. Д-Р ДИМИТЪР НИКОЛОВ ДЖЕЛЕБОВ,042601460,41.9303522,25.5589489,overpass,Даймонд Клиник
ОЧЕН МЕДИЦИНСКИ ЦЕНТЪР ХАСКОВО ООД,Хасково,ХАСКОВО,ГР.ХАСКОВО,ул. П. Евтимий №1 ет. нула-партер,ПРОФ. Д-Р ДИМИТЪР НИКОЛОВ ДЖЕЛЕБОВ,042601460,41.9303522,25.5589489,overpass,Даймонд Клиник
ОЧЕН МЕДИЦИНСКИ ЦЕНТЪР ХАСКОВО ООД,Хасково,ДИМИТРОВГРАД,ГР.ДИМИТРОВГРАД,бул. България №2,ПРОФ. Д-Р ДИМИТЪР НИКОЛОВ ДЖЕЛЕБОВ,042601460,42.0625321,25.5806447,overpass,hospital
СБАЛББ-Троян ЕООД,Ловеч,ТРОЯН,ГР.ТРОЯН,ул. Васил Левски №253,ЦВЕТОМИЛА ВАСИЛЕВА ДУДЕВСКА-ВАЧЕВСКА,0670/64985,42.8975708,24.7114091,overpass,Специализирана болница за активно лечение на белодробни болести - Троян
СБАЛОЗ -София област ЕООД,София (столица),ГР.СОФИЯ,ГР.СОФИЯ,Бул. Столетов №67,"ЯНКО ВАСИЛЕВ КОЧЕВ, Д-Р ПЛАМЕН ТРАЙЧЕВ ИВАНОВ, Д-Р ДИАНА ЙОРДАНОВА НЕДЯЛКОВА",028013923,,,,
СБАЛПФЗ - София област ЕООД,София (столица),ГР.СОФИЯ,ГР.СОФИЯ,бул. Сливница №309,"Д-Р КИРИЛ РАШКОВ ПАЛАВЕЕВ, Д-Р ВЕЛИЧКО ДИМИТРОВ МАРИНОВ","0899247939,029312353",,,,
СБПЛР-Костенец ЕООД,София - област,КОСТЕНЕЦ,ГР.КОСТЕНЕЦ,ул. Цариградско шосе №56,Д-Р МАРИЯ АНГЕЛОВА ХРИСТОСКОВА-ЯНКОВА,0889306197,42.3259081,23.8685364,overpass,clinic
СБПФЗПЛР-Цар Фердинанд І ЕООД,София - област,СВОГЕ,С.ИСКРЕЦ,кв. Санаториума,"Д-Р МАРИЯНА ХРИСТОВА ДЕНЕВА, ЛЮДМИЛА ЙОВЧЕВА ТОДОРОВА","071632001,071632002,0889151884",42.7069899,23.2853385,nominatim_city,"Искрец, ж.к. Илинден, София, Илинден, Столична, София-град, 1373, България"
СБР-НК ЕАД филиал Момин проход,София - област,КОСТЕНЕЦ,ГР.МОМИН ПРОХОД,ул. Христо Ботев №6,"Д-Р ПЛАМЕН ПЕТРОВ СТОЕВ, ЕВГЕНИ ГЕОРГИЕВ ЛЮБЕНОВ, НОНКА ДОБРИНОВА ОБРЕШКОВА, СПАСКА СТОЯНОВА БАХЧЕВАНОВА, АНИ БЛАГОЕВА ЗДРАВКОВА","0879220029,0878217400",42.3259081,23.8685364,overpass,clinic
